{
  "state": {
    "mean": [
      0.029680317267775536,
      0.395513117313385,
      0.25721442699432373,
      0.4670863747596741,
      -0.37726935744285583,
      -0.11989687383174896,
      0.44500356912612915
    ],
    "std": [
      0.15813690423965454,
      0.13764207065105438,
      0.13704252243041992,
      2.8732545375823975,
      0.6257482767105103,
      1.748388409614563,
      0.496103435754776
    ],
    "q01": [
      -0.28773775696754456,
      0.16650165617465973,
      0.0163328368216753,
      -3.141468048095703,
      -1.5599366426467896,
      -3.135148763656616,
      0.0
    ],
    "q99": [
      0.3373223841190338,
      0.7170073390007019,
      0.4706312119960785,
      3.1414690017700195,
      0.029734231531620026,
      3.1371002197265625,
      1.0
    ]
  },
  "actions": {
    "mean": [
      0.029591772705316544,
      0.3996168375015259,
      0.25788402557373047,
      1.0142643451690674,
      -0.3816004991531372,
      -0.13980798423290253,
      0.5484254360198975
    ],
    "std": [
      0.15965478122234344,
      0.13812156021595,
      0.1362612098455429,
      2.7041993141174316,
      0.6324296593666077,
      1.7268339395523071,
      0.49632200598716736
    ],
    "q01": [
      -0.28948119282722473,
      0.1666661649942398,
      0.01588139496743679,
      -3.1415927410125732,
      -1.5707963705062866,
      -3.133518934249878,
      0.0
    ],
    "q99": [
      0.3396242558956146,
      0.7200204730033875,
      0.47486814856529236,
      3.1415927410125732,
      0.027604028582572937,
      3.140284538269043,
      1.0
    ]
  }
}